"section","category","language","example","audio_key","configuration","suggested_path"
"joint","joint","en","01","source","EDICT_DEMOS.joint.en[0].audio.source","assets/audio/joint/en/01/source.wav"
"joint","joint","en","01","reference","EDICT_DEMOS.joint.en[0].audio.reference","assets/audio/joint/en/01/reference.wav"
"joint","joint","en","01","edict","EDICT_DEMOS.joint.en[0].audio.edict","assets/audio/joint/en/01/edict.wav"
"joint","joint","en","01","joint","EDICT_DEMOS.joint.en[0].audio.joint","assets/audio/joint/en/01/joint.wav"
"joint","joint","en","01","concat","EDICT_DEMOS.joint.en[0].audio.concat","assets/audio/joint/en/01/concat.wav"
"joint","joint","en","01","editorConcat","EDICT_DEMOS.joint.en[0].audio.editorConcat","assets/audio/joint/en/01/editorConcat.wav"
"joint","joint","en","02","source","EDICT_DEMOS.joint.en[1].audio.source","assets/audio/joint/en/02/source.wav"
"joint","joint","en","02","reference","EDICT_DEMOS.joint.en[1].audio.reference","assets/audio/joint/en/02/reference.wav"
"joint","joint","en","02","edict","EDICT_DEMOS.joint.en[1].audio.edict","assets/audio/joint/en/02/edict.wav"
"joint","joint","en","02","joint","EDICT_DEMOS.joint.en[1].audio.joint","assets/audio/joint/en/02/joint.wav"
"joint","joint","en","02","concat","EDICT_DEMOS.joint.en[1].audio.concat","assets/audio/joint/en/02/concat.wav"
"joint","joint","en","02","editorConcat","EDICT_DEMOS.joint.en[1].audio.editorConcat","assets/audio/joint/en/02/editorConcat.wav"
"joint","joint","zh","01","source","EDICT_DEMOS.joint.zh[0].audio.source","assets/audio/joint/zh/01/source.wav"
"joint","joint","zh","01","reference","EDICT_DEMOS.joint.zh[0].audio.reference","assets/audio/joint/zh/01/reference.wav"
"joint","joint","zh","01","edict","EDICT_DEMOS.joint.zh[0].audio.edict","assets/audio/joint/zh/01/edict.wav"
"joint","joint","zh","01","joint","EDICT_DEMOS.joint.zh[0].audio.joint","assets/audio/joint/zh/01/joint.wav"
"joint","joint","zh","01","concat","EDICT_DEMOS.joint.zh[0].audio.concat","assets/audio/joint/zh/01/concat.wav"
"joint","joint","zh","01","editorConcat","EDICT_DEMOS.joint.zh[0].audio.editorConcat","assets/audio/joint/zh/01/editorConcat.wav"
"joint","joint","zh","02","source","EDICT_DEMOS.joint.zh[1].audio.source","assets/audio/joint/zh/02/source.wav"
"joint","joint","zh","02","reference","EDICT_DEMOS.joint.zh[1].audio.reference","assets/audio/joint/zh/02/reference.wav"
"joint","joint","zh","02","edict","EDICT_DEMOS.joint.zh[1].audio.edict","assets/audio/joint/zh/02/edict.wav"
"joint","joint","zh","02","joint","EDICT_DEMOS.joint.zh[1].audio.joint","assets/audio/joint/zh/02/joint.wav"
"joint","joint","zh","02","concat","EDICT_DEMOS.joint.zh[1].audio.concat","assets/audio/joint/zh/02/concat.wav"
"joint","joint","zh","02","editorConcat","EDICT_DEMOS.joint.zh[1].audio.editorConcat","assets/audio/joint/zh/02/editorConcat.wav"
"voice","single","en","01","source","EDICT_DEMOS.voice.single.en[0].audio.source","assets/audio/voice/single/en/01/source.wav"
"voice","single","en","01","baseline","EDICT_DEMOS.voice.single.en[0].audio.baseline","assets/audio/voice/single/en/01/baseline.wav"
"voice","single","en","01","edict","EDICT_DEMOS.voice.single.en[0].audio.edict","assets/audio/voice/single/en/01/edict.wav"
"voice","single","en","01","target","EDICT_DEMOS.voice.single.en[0].audio.target","assets/audio/voice/single/en/01/target.wav"
"voice","single","en","01","qwenBase","EDICT_DEMOS.voice.single.en[0].audio.qwenBase","assets/audio/voice/single/en/01/qwenBase.wav"
"voice","single","en","01","cosy","EDICT_DEMOS.voice.single.en[0].audio.cosy","assets/audio/voice/single/en/01/cosy.wav"
"voice","single","en","02","source","EDICT_DEMOS.voice.single.en[1].audio.source","assets/audio/voice/single/en/02/source.wav"
"voice","single","en","02","baseline","EDICT_DEMOS.voice.single.en[1].audio.baseline","assets/audio/voice/single/en/02/baseline.wav"
"voice","single","en","02","qwenBase","EDICT_DEMOS.voice.single.en[1].audio.qwenBase","assets/audio/voice/single/en/02/qwenBase.wav"
"voice","single","en","02","cosy","EDICT_DEMOS.voice.single.en[1].audio.cosy","assets/audio/voice/single/en/02/cosy.wav"
"voice","single","en","02","edict","EDICT_DEMOS.voice.single.en[1].audio.edict","assets/audio/voice/single/en/02/edict.wav"
"voice","single","en","02","target","EDICT_DEMOS.voice.single.en[1].audio.target","assets/audio/voice/single/en/02/target.wav"
"voice","single","zh","01","source","EDICT_DEMOS.voice.single.zh[0].audio.source","assets/audio/voice/single/zh/01/source.wav"
"voice","single","zh","01","baseline","EDICT_DEMOS.voice.single.zh[0].audio.baseline","assets/audio/voice/single/zh/01/baseline.wav"
"voice","single","zh","01","edict","EDICT_DEMOS.voice.single.zh[0].audio.edict","assets/audio/voice/single/zh/01/edict.wav"
"voice","single","zh","01","target","EDICT_DEMOS.voice.single.zh[0].audio.target","assets/audio/voice/single/zh/01/target.wav"
"voice","single","zh","01","qwenBase","EDICT_DEMOS.voice.single.zh[0].audio.qwenBase","assets/audio/voice/single/zh/01/qwenBase.wav"
"voice","single","zh","01","cosy","EDICT_DEMOS.voice.single.zh[0].audio.cosy","assets/audio/voice/single/zh/01/cosy.wav"
"voice","single","zh","02","source","EDICT_DEMOS.voice.single.zh[1].audio.source","assets/audio/voice/single/zh/02/source.wav"
"voice","single","zh","02","baseline","EDICT_DEMOS.voice.single.zh[1].audio.baseline","assets/audio/voice/single/zh/02/baseline.wav"
"voice","single","zh","02","qwenBase","EDICT_DEMOS.voice.single.zh[1].audio.qwenBase","assets/audio/voice/single/zh/02/qwenBase.wav"
"voice","single","zh","02","cosy","EDICT_DEMOS.voice.single.zh[1].audio.cosy","assets/audio/voice/single/zh/02/cosy.wav"
"voice","single","zh","02","edict","EDICT_DEMOS.voice.single.zh[1].audio.edict","assets/audio/voice/single/zh/02/edict.wav"
"voice","single","zh","02","target","EDICT_DEMOS.voice.single.zh[1].audio.target","assets/audio/voice/single/zh/02/target.wav"
"voice","composed","en","01","source","EDICT_DEMOS.voice.composed.en[0].audio.source","assets/audio/voice/composed/en/01/source.wav"
"voice","composed","en","01","baseline","EDICT_DEMOS.voice.composed.en[0].audio.baseline","assets/audio/voice/composed/en/01/baseline.wav"
"voice","composed","en","01","edict","EDICT_DEMOS.voice.composed.en[0].audio.edict","assets/audio/voice/composed/en/01/edict.wav"
"voice","composed","en","01","target","EDICT_DEMOS.voice.composed.en[0].audio.target","assets/audio/voice/composed/en/01/target.wav"
"voice","composed","en","01","qwenBase","EDICT_DEMOS.voice.composed.en[0].audio.qwenBase","assets/audio/voice/composed/en/01/qwenBase.wav"
"voice","composed","en","01","cosy","EDICT_DEMOS.voice.composed.en[0].audio.cosy","assets/audio/voice/composed/en/01/cosy.wav"
"voice","composed","en","02","source","EDICT_DEMOS.voice.composed.en[1].audio.source","assets/audio/voice/composed/en/02/source.wav"
"voice","composed","en","02","baseline","EDICT_DEMOS.voice.composed.en[1].audio.baseline","assets/audio/voice/composed/en/02/baseline.wav"
"voice","composed","en","02","qwenBase","EDICT_DEMOS.voice.composed.en[1].audio.qwenBase","assets/audio/voice/composed/en/02/qwenBase.wav"
"voice","composed","en","02","cosy","EDICT_DEMOS.voice.composed.en[1].audio.cosy","assets/audio/voice/composed/en/02/cosy.wav"
"voice","composed","en","02","edict","EDICT_DEMOS.voice.composed.en[1].audio.edict","assets/audio/voice/composed/en/02/edict.wav"
"voice","composed","en","02","target","EDICT_DEMOS.voice.composed.en[1].audio.target","assets/audio/voice/composed/en/02/target.wav"
"voice","composed","zh","01","source","EDICT_DEMOS.voice.composed.zh[0].audio.source","assets/audio/voice/composed/zh/01/source.wav"
"voice","composed","zh","01","baseline","EDICT_DEMOS.voice.composed.zh[0].audio.baseline","assets/audio/voice/composed/zh/01/baseline.wav"
"voice","composed","zh","01","edict","EDICT_DEMOS.voice.composed.zh[0].audio.edict","assets/audio/voice/composed/zh/01/edict.wav"
"voice","composed","zh","01","target","EDICT_DEMOS.voice.composed.zh[0].audio.target","assets/audio/voice/composed/zh/01/target.wav"
"voice","composed","zh","01","qwenBase","EDICT_DEMOS.voice.composed.zh[0].audio.qwenBase","assets/audio/voice/composed/zh/01/qwenBase.wav"
"voice","composed","zh","01","cosy","EDICT_DEMOS.voice.composed.zh[0].audio.cosy","assets/audio/voice/composed/zh/01/cosy.wav"
"voice","composed","zh","02","source","EDICT_DEMOS.voice.composed.zh[1].audio.source","assets/audio/voice/composed/zh/02/source.wav"
"voice","composed","zh","02","baseline","EDICT_DEMOS.voice.composed.zh[1].audio.baseline","assets/audio/voice/composed/zh/02/baseline.wav"
"voice","composed","zh","02","qwenBase","EDICT_DEMOS.voice.composed.zh[1].audio.qwenBase","assets/audio/voice/composed/zh/02/qwenBase.wav"
"voice","composed","zh","02","cosy","EDICT_DEMOS.voice.composed.zh[1].audio.cosy","assets/audio/voice/composed/zh/02/cosy.wav"
"voice","composed","zh","02","edict","EDICT_DEMOS.voice.composed.zh[1].audio.edict","assets/audio/voice/composed/zh/02/edict.wav"
"voice","composed","zh","02","target","EDICT_DEMOS.voice.composed.zh[1].audio.target","assets/audio/voice/composed/zh/02/target.wav"
"voice","category","en","01","source","EDICT_DEMOS.voice.category.en[0].audio.source","assets/audio/voice/category/en/01/source.wav"
"voice","category","en","01","baseline","EDICT_DEMOS.voice.category.en[0].audio.baseline","assets/audio/voice/category/en/01/baseline.wav"
"voice","category","en","01","edict","EDICT_DEMOS.voice.category.en[0].audio.edict","assets/audio/voice/category/en/01/edict.wav"
"voice","category","en","01","target","EDICT_DEMOS.voice.category.en[0].audio.target","assets/audio/voice/category/en/01/target.wav"
"voice","category","en","01","qwenBase","EDICT_DEMOS.voice.category.en[0].audio.qwenBase","assets/audio/voice/category/en/01/qwenBase.wav"
"voice","category","en","01","cosy","EDICT_DEMOS.voice.category.en[0].audio.cosy","assets/audio/voice/category/en/01/cosy.wav"
"voice","category","en","02","source","EDICT_DEMOS.voice.category.en[1].audio.source","assets/audio/voice/category/en/02/source.wav"
"voice","category","en","02","baseline","EDICT_DEMOS.voice.category.en[1].audio.baseline","assets/audio/voice/category/en/02/baseline.wav"
"voice","category","en","02","qwenBase","EDICT_DEMOS.voice.category.en[1].audio.qwenBase","assets/audio/voice/category/en/02/qwenBase.wav"
"voice","category","en","02","cosy","EDICT_DEMOS.voice.category.en[1].audio.cosy","assets/audio/voice/category/en/02/cosy.wav"
"voice","category","en","02","edict","EDICT_DEMOS.voice.category.en[1].audio.edict","assets/audio/voice/category/en/02/edict.wav"
"voice","category","en","02","target","EDICT_DEMOS.voice.category.en[1].audio.target","assets/audio/voice/category/en/02/target.wav"
"voice","category","zh","01","source","EDICT_DEMOS.voice.category.zh[0].audio.source","assets/audio/voice/category/zh/01/source.wav"
"voice","category","zh","01","baseline","EDICT_DEMOS.voice.category.zh[0].audio.baseline","assets/audio/voice/category/zh/01/baseline.wav"
"voice","category","zh","01","edict","EDICT_DEMOS.voice.category.zh[0].audio.edict","assets/audio/voice/category/zh/01/edict.wav"
"voice","category","zh","01","target","EDICT_DEMOS.voice.category.zh[0].audio.target","assets/audio/voice/category/zh/01/target.wav"
"voice","category","zh","01","qwenBase","EDICT_DEMOS.voice.category.zh[0].audio.qwenBase","assets/audio/voice/category/zh/01/qwenBase.wav"
"voice","category","zh","01","cosy","EDICT_DEMOS.voice.category.zh[0].audio.cosy","assets/audio/voice/category/zh/01/cosy.wav"
"voice","category","zh","02","source","EDICT_DEMOS.voice.category.zh[1].audio.source","assets/audio/voice/category/zh/02/source.wav"
"voice","category","zh","02","baseline","EDICT_DEMOS.voice.category.zh[1].audio.baseline","assets/audio/voice/category/zh/02/baseline.wav"
"voice","category","zh","02","qwenBase","EDICT_DEMOS.voice.category.zh[1].audio.qwenBase","assets/audio/voice/category/zh/02/qwenBase.wav"
"voice","category","zh","02","cosy","EDICT_DEMOS.voice.category.zh[1].audio.cosy","assets/audio/voice/category/zh/02/cosy.wav"
"voice","category","zh","02","edict","EDICT_DEMOS.voice.category.zh[1].audio.edict","assets/audio/voice/category/zh/02/edict.wav"
"voice","category","zh","02","target","EDICT_DEMOS.voice.category.zh[1].audio.target","assets/audio/voice/category/zh/02/target.wav"
"delivery","emotion","en","01","source","EDICT_DEMOS.delivery.emotion.en[0].audio.source","assets/audio/delivery/emotion/en/01/source.wav"
"delivery","emotion","en","01","concat","EDICT_DEMOS.delivery.emotion.en[0].audio.concat","assets/audio/delivery/emotion/en/01/concat.wav"
"delivery","emotion","en","01","joint","EDICT_DEMOS.delivery.emotion.en[0].audio.joint","assets/audio/delivery/emotion/en/01/joint.wav"
"delivery","emotion","en","01","ted","EDICT_DEMOS.delivery.emotion.en[0].audio.ted","assets/audio/delivery/emotion/en/01/ted.wav"
"delivery","emotion","en","01","edict","EDICT_DEMOS.delivery.emotion.en[0].audio.edict","assets/audio/delivery/emotion/en/01/edict.wav"
"delivery","emotion","en","02","source","EDICT_DEMOS.delivery.emotion.en[1].audio.source","assets/audio/delivery/emotion/en/02/source.wav"
"delivery","emotion","en","02","concat","EDICT_DEMOS.delivery.emotion.en[1].audio.concat","assets/audio/delivery/emotion/en/02/concat.wav"
"delivery","emotion","en","02","joint","EDICT_DEMOS.delivery.emotion.en[1].audio.joint","assets/audio/delivery/emotion/en/02/joint.wav"
"delivery","emotion","en","02","ted","EDICT_DEMOS.delivery.emotion.en[1].audio.ted","assets/audio/delivery/emotion/en/02/ted.wav"
"delivery","emotion","en","02","edict","EDICT_DEMOS.delivery.emotion.en[1].audio.edict","assets/audio/delivery/emotion/en/02/edict.wav"
"delivery","emotion","zh","01","source","EDICT_DEMOS.delivery.emotion.zh[0].audio.source","assets/audio/delivery/emotion/zh/01/source.wav"
"delivery","emotion","zh","01","concat","EDICT_DEMOS.delivery.emotion.zh[0].audio.concat","assets/audio/delivery/emotion/zh/01/concat.wav"
"delivery","emotion","zh","01","joint","EDICT_DEMOS.delivery.emotion.zh[0].audio.joint","assets/audio/delivery/emotion/zh/01/joint.wav"
"delivery","emotion","zh","01","ted","EDICT_DEMOS.delivery.emotion.zh[0].audio.ted","assets/audio/delivery/emotion/zh/01/ted.wav"
"delivery","emotion","zh","01","edict","EDICT_DEMOS.delivery.emotion.zh[0].audio.edict","assets/audio/delivery/emotion/zh/01/edict.wav"
"delivery","emotion","zh","02","source","EDICT_DEMOS.delivery.emotion.zh[1].audio.source","assets/audio/delivery/emotion/zh/02/source.wav"
"delivery","emotion","zh","02","concat","EDICT_DEMOS.delivery.emotion.zh[1].audio.concat","assets/audio/delivery/emotion/zh/02/concat.wav"
"delivery","emotion","zh","02","joint","EDICT_DEMOS.delivery.emotion.zh[1].audio.joint","assets/audio/delivery/emotion/zh/02/joint.wav"
"delivery","emotion","zh","02","ted","EDICT_DEMOS.delivery.emotion.zh[1].audio.ted","assets/audio/delivery/emotion/zh/02/ted.wav"
"delivery","emotion","zh","02","edict","EDICT_DEMOS.delivery.emotion.zh[1].audio.edict","assets/audio/delivery/emotion/zh/02/edict.wav"
"delivery","pace","en","01","source","EDICT_DEMOS.delivery.pace.en[0].audio.source","assets/audio/delivery/pace/en/01/source.wav"
"delivery","pace","en","01","concat","EDICT_DEMOS.delivery.pace.en[0].audio.concat","assets/audio/delivery/pace/en/01/concat.wav"
"delivery","pace","en","01","joint","EDICT_DEMOS.delivery.pace.en[0].audio.joint","assets/audio/delivery/pace/en/01/joint.wav"
"delivery","pace","en","01","ted","EDICT_DEMOS.delivery.pace.en[0].audio.ted","assets/audio/delivery/pace/en/01/ted.wav"
"delivery","pace","en","01","edict","EDICT_DEMOS.delivery.pace.en[0].audio.edict","assets/audio/delivery/pace/en/01/edict.wav"
"delivery","pace","en","02","source","EDICT_DEMOS.delivery.pace.en[1].audio.source","assets/audio/delivery/pace/en/02/source.wav"
"delivery","pace","en","02","concat","EDICT_DEMOS.delivery.pace.en[1].audio.concat","assets/audio/delivery/pace/en/02/concat.wav"
"delivery","pace","en","02","joint","EDICT_DEMOS.delivery.pace.en[1].audio.joint","assets/audio/delivery/pace/en/02/joint.wav"
"delivery","pace","en","02","ted","EDICT_DEMOS.delivery.pace.en[1].audio.ted","assets/audio/delivery/pace/en/02/ted.wav"
"delivery","pace","en","02","edict","EDICT_DEMOS.delivery.pace.en[1].audio.edict","assets/audio/delivery/pace/en/02/edict.wav"
"delivery","pace","zh","01","source","EDICT_DEMOS.delivery.pace.zh[0].audio.source","assets/audio/delivery/pace/zh/01/source.wav"
"delivery","pace","zh","01","concat","EDICT_DEMOS.delivery.pace.zh[0].audio.concat","assets/audio/delivery/pace/zh/01/concat.wav"
"delivery","pace","zh","01","joint","EDICT_DEMOS.delivery.pace.zh[0].audio.joint","assets/audio/delivery/pace/zh/01/joint.wav"
"delivery","pace","zh","01","ted","EDICT_DEMOS.delivery.pace.zh[0].audio.ted","assets/audio/delivery/pace/zh/01/ted.wav"
"delivery","pace","zh","01","edict","EDICT_DEMOS.delivery.pace.zh[0].audio.edict","assets/audio/delivery/pace/zh/01/edict.wav"
"delivery","pace","zh","02","source","EDICT_DEMOS.delivery.pace.zh[1].audio.source","assets/audio/delivery/pace/zh/02/source.wav"
"delivery","pace","zh","02","concat","EDICT_DEMOS.delivery.pace.zh[1].audio.concat","assets/audio/delivery/pace/zh/02/concat.wav"
"delivery","pace","zh","02","joint","EDICT_DEMOS.delivery.pace.zh[1].audio.joint","assets/audio/delivery/pace/zh/02/joint.wav"
"delivery","pace","zh","02","ted","EDICT_DEMOS.delivery.pace.zh[1].audio.ted","assets/audio/delivery/pace/zh/02/ted.wav"
"delivery","pace","zh","02","edict","EDICT_DEMOS.delivery.pace.zh[1].audio.edict","assets/audio/delivery/pace/zh/02/edict.wav"
"delivery","emphasis","en","01","source","EDICT_DEMOS.delivery.emphasis.en[0].audio.source","assets/audio/delivery/emphasis/en/01/source.wav"
"delivery","emphasis","en","01","concat","EDICT_DEMOS.delivery.emphasis.en[0].audio.concat","assets/audio/delivery/emphasis/en/01/concat.wav"
"delivery","emphasis","en","01","joint","EDICT_DEMOS.delivery.emphasis.en[0].audio.joint","assets/audio/delivery/emphasis/en/01/joint.wav"
"delivery","emphasis","en","01","ted","EDICT_DEMOS.delivery.emphasis.en[0].audio.ted","assets/audio/delivery/emphasis/en/01/ted.wav"
"delivery","emphasis","en","01","edict","EDICT_DEMOS.delivery.emphasis.en[0].audio.edict","assets/audio/delivery/emphasis/en/01/edict.wav"
"delivery","emphasis","en","02","source","EDICT_DEMOS.delivery.emphasis.en[1].audio.source","assets/audio/delivery/emphasis/en/02/source.wav"
"delivery","emphasis","en","02","concat","EDICT_DEMOS.delivery.emphasis.en[1].audio.concat","assets/audio/delivery/emphasis/en/02/concat.wav"
"delivery","emphasis","en","02","joint","EDICT_DEMOS.delivery.emphasis.en[1].audio.joint","assets/audio/delivery/emphasis/en/02/joint.wav"
"delivery","emphasis","en","02","ted","EDICT_DEMOS.delivery.emphasis.en[1].audio.ted","assets/audio/delivery/emphasis/en/02/ted.wav"
"delivery","emphasis","en","02","edict","EDICT_DEMOS.delivery.emphasis.en[1].audio.edict","assets/audio/delivery/emphasis/en/02/edict.wav"
"delivery","emphasis","zh","01","source","EDICT_DEMOS.delivery.emphasis.zh[0].audio.source","assets/audio/delivery/emphasis/zh/01/source.wav"
"delivery","emphasis","zh","01","concat","EDICT_DEMOS.delivery.emphasis.zh[0].audio.concat","assets/audio/delivery/emphasis/zh/01/concat.wav"
"delivery","emphasis","zh","01","joint","EDICT_DEMOS.delivery.emphasis.zh[0].audio.joint","assets/audio/delivery/emphasis/zh/01/joint.wav"
"delivery","emphasis","zh","01","ted","EDICT_DEMOS.delivery.emphasis.zh[0].audio.ted","assets/audio/delivery/emphasis/zh/01/ted.wav"
"delivery","emphasis","zh","01","edict","EDICT_DEMOS.delivery.emphasis.zh[0].audio.edict","assets/audio/delivery/emphasis/zh/01/edict.wav"
"delivery","emphasis","zh","02","source","EDICT_DEMOS.delivery.emphasis.zh[1].audio.source","assets/audio/delivery/emphasis/zh/02/source.wav"
"delivery","emphasis","zh","02","concat","EDICT_DEMOS.delivery.emphasis.zh[1].audio.concat","assets/audio/delivery/emphasis/zh/02/concat.wav"
"delivery","emphasis","zh","02","joint","EDICT_DEMOS.delivery.emphasis.zh[1].audio.joint","assets/audio/delivery/emphasis/zh/02/joint.wav"
"delivery","emphasis","zh","02","ted","EDICT_DEMOS.delivery.emphasis.zh[1].audio.ted","assets/audio/delivery/emphasis/zh/02/ted.wav"
"delivery","emphasis","zh","02","edict","EDICT_DEMOS.delivery.emphasis.zh[1].audio.edict","assets/audio/delivery/emphasis/zh/02/edict.wav"
