sample,task,language,role,filename,duration,sample_rate,channels,sample_width,frames,pcm_sha256
timbre_en_01,timbre,en,source_reference,timbre_en_01_source_reference.wav,8.88,24000,1,2,213120,4071801ef2482834474a910e7ddefc863102dbd1a5dbc9994371599386556db1
timbre_en_01,timbre,en,target_reference,timbre_en_01_target_reference.wav,7.76,24000,1,2,186240,e14fbc322f411f0dc267657d28d781f17dfa47dd2490ef486a994c6bc80f1edf
timbre_en_01,timbre,en,edict,timbre_en_01_edict.wav,8.37125,24000,1,2,200910,b44a900f78eebd5158bf0e87184f87a6102966a1af253dbf898326203f35a9eb
timbre_en_01,timbre,en,qwen3_tts_vd,timbre_en_01_qwen3_tts_vd.wav,8.72,24000,1,2,209280,1dcc3680039a145ecebd86ccf42c6b48feadfa171bca80f0d932bc43924d3ff7
timbre_en_01,timbre,en,qwen3_tts_base,timbre_en_01_qwen3_tts_base.wav,6.488542,24000,1,2,155725,70f74e2a192b9b257adace9f51e2aadfe53c679c3c202c60c4393be5ba130338
timbre_en_01,timbre,en,cosyvoice2,timbre_en_01_cosyvoice2.wav,7.52,24000,1,2,180480,3211150a7cca4652b4536e62fb54821b440904c96adbfbb75e5f9d51722c8faf
timbre_en_02,timbre,en,source_reference,timbre_en_02_source_reference.wav,6.72,24000,1,2,161280,38cec42577e1c1ab5975af3e0ee56c42a9c8343334be0d3d0ae1dba233adf407
timbre_en_02,timbre,en,target_reference,timbre_en_02_target_reference.wav,4.88,24000,1,2,117120,e299fc40728c57fbb880b025bec6721ed357f6dab181712e8d6dbdeeaa0221c8
timbre_en_02,timbre,en,edict,timbre_en_02_edict.wav,4.550167,24000,1,2,109204,3855e00a4ac160bac2ec69cc489d036752f2e3169a5d0f4271ca0e849fa393e7
timbre_en_02,timbre,en,qwen3_tts_vd,timbre_en_02_qwen3_tts_vd.wav,5.920042,24000,1,2,142081,d8bb215140da1d6ba83c77f5dd6056238f5b714e5f72f43de46ec58467a5bac1
timbre_en_02,timbre,en,qwen3_tts_base,timbre_en_02_qwen3_tts_base.wav,4.88,24000,1,2,117120,0d99877d70edc239aca3181f9c05d9ca6859e7927e8c9304d844836665db738f
timbre_en_02,timbre,en,cosyvoice2,timbre_en_02_cosyvoice2.wav,4.96,24000,1,2,119040,d67b088dd056d58d67d003ccf5c38df7dd5352ce2bd6ba86d5884e2e2ba7bcb5
timbre_zh_01,timbre,zh,source_reference,timbre_zh_01_source_reference.wav,8.16,24000,1,2,195840,899fc664fdfb65fc3230d8e254fe21321bfcf7b2fd2cb535e1b8107639c29694
timbre_zh_01,timbre,zh,target_reference,timbre_zh_01_target_reference.wav,6.56,24000,1,2,157440,eedcc7bcee5da40d3df9a28f3c1a5ecaadb6641a51b5eb0caa55a28caafe0d47
timbre_zh_01,timbre,zh,edict,timbre_zh_01_edict.wav,6.59125,24000,1,2,158190,699f58ccd7da7dce8a39097da386e5f1457f31b4d61d737ead2397aefca1af0f
timbre_zh_01,timbre,zh,qwen3_tts_vd,timbre_zh_01_qwen3_tts_vd.wav,7.6,24000,1,2,182400,0a4311e736f063a14846695dde9fc100f2a5cd9f844f2908d198314b0e4ce032
timbre_zh_01,timbre,zh,qwen3_tts_base,timbre_zh_01_qwen3_tts_base.wav,5.52,24000,1,2,132480,9c884b291c1166539238a69e60d4390d0f436923fb8eef7a77793221b673bbce
timbre_zh_01,timbre,zh,cosyvoice2,timbre_zh_01_cosyvoice2.wav,20.8,24000,1,2,499200,d6c82856f930186d1c786a46039b4024eb3e923c7f29da61b6e1725f0840b920
timbre_zh_02,timbre,zh,source_reference,timbre_zh_02_source_reference.wav,6.32,24000,1,2,151680,6f4d53913713af58ebfcd5bef8ac4cdf9dc9051da81a07718e3510781c12b945
timbre_zh_02,timbre,zh,target_reference,timbre_zh_02_target_reference.wav,5.52,24000,1,2,132480,ad77b8a715d264eec5b1ef0eb1d0786461d164bfecd43c986fea85af8ec3bac6
timbre_zh_02,timbre,zh,edict,timbre_zh_02_edict.wav,7.618042,24000,1,2,182833,27b58e8102b78d3312c156f6b2f479fdceb5d5003fdcce369fd58e95a53d0dff
timbre_zh_02,timbre,zh,qwen3_tts_vd,timbre_zh_02_qwen3_tts_vd.wav,5.04,24000,1,2,120960,180f6c4ce0bcf5883db5ba6e1992a0790d468e1f88da192f7f6961518ba34d3e
timbre_zh_02,timbre,zh,qwen3_tts_base,timbre_zh_02_qwen3_tts_base.wav,9.28,24000,1,2,222720,dbbe1534ccb9c122f324aa0291b48e60078b1ac02e19ec5c03f85a774dbd98e4
timbre_zh_02,timbre,zh,cosyvoice2,timbre_zh_02_cosyvoice2.wav,12.48,24000,1,2,299520,527507a2095e09fd43e79f29104062b91d895b4337a80e5d2b612b1e6998effc
local_en_01,local,en,edict,local_en_01_edict.wav,6.64,24000,1,2,159360,a3a657fcaa74b33c46570fdb4361777672d65c37a01f3ca16df217af8c4a2540
local_en_01,local,en,joint,local_en_01_joint.wav,8.72,24000,1,2,209280,8461e2165d95ca0f9cac1d0399fa42588804324a720a7a2f1600e2af40a88eba
local_en_01,local,en,concat,local_en_01_concat.wav,8.72,24000,1,2,209280,106e2780b754b8e2430b468d47193152c1131a8b7911a5274228fc4d6a5ab988
local_en_01,local,en,ted_tts,local_en_01_ted_tts.wav,8.16,24000,1,2,195840,0105e5600d9c4008ae6ecb79bc0cb01ef4cb7e09406db916ebe6dccbd9469182
local_en_02,local,en,edict,local_en_02_edict.wav,7.52,24000,1,2,180480,36be5a6b2e402390b29b710410b8e4f29da9da849c710ebc8f4f825dea96eac5
local_en_02,local,en,joint,local_en_02_joint.wav,7.68,24000,1,2,184320,edf04447eabe82ef1be5d1180b8510a00119bbb5b32291c3556a8994792b96e4
local_en_02,local,en,concat,local_en_02_concat.wav,7.44,24000,1,2,178560,484f71c9a2d95e165276af485314eb4a01e3ba6cedad0411823433f6bacc38fb
local_en_02,local,en,ted_tts,local_en_02_ted_tts.wav,7.28,24000,1,2,174720,33fa6e053b2faf0f479bf241e4536f429f5f1334cbc692c623accf254579b1e0
local_zh_01,local,zh,edict,local_zh_01_edict.wav,11.6,24000,1,2,278400,9a20e9a2a805b0c95047487d83301e0b2cca9d86e943756bb54a51edaa0a3c10
local_zh_01,local,zh,joint,local_zh_01_joint.wav,12.4,24000,1,2,297600,6bc2626c3ebdb8115e7772b58b8f1e149a637b8076f493a62461e8f5bf79ea68
local_zh_01,local,zh,concat,local_zh_01_concat.wav,10.96,24000,1,2,263040,01f2cf88df9e2467d65b5d6a210127271d0e44524bd0a656d0cad507ce5b2de9
local_zh_01,local,zh,ted_tts,local_zh_01_ted_tts.wav,11.28,24000,1,2,270720,b518de62ae08bdf898d829405c3aedef9336c16886131a20c0c5bddbfc3d2873
local_zh_02,local,zh,edict,local_zh_02_edict.wav,8.72,24000,1,2,209280,2be138e16bbf1b40e27cf096ec27cd2666cce606d1141de0dcdefc5811371cca
local_zh_02,local,zh,joint,local_zh_02_joint.wav,6.24,24000,1,2,149760,1c3f2686bf3492f28c374866c887021fa27cada7b84e4d58a1c40a53beb0cb8a
local_zh_02,local,zh,concat,local_zh_02_concat.wav,7.84,24000,1,2,188160,427bde52b602e0a4bbad3332f6bb12d4d8b3bba00b7a0428f9b1e4edcd5b0b4f
local_zh_02,local,zh,ted_tts,local_zh_02_ted_tts.wav,8.48,24000,1,2,203520,1fa45a295a3a4cf7e93eaa0af17dbff82147d905baf33b82b03e619598709113
joint_en_01,joint,en,source_reference,joint_en_01_source_reference.wav,7.52,24000,1,2,180480,c2048e8d265b1cdb5ff31ae9bc88d8b9945eb5d77a85cfef618184216e60ab83
joint_en_01,joint,en,synthesis_reference,joint_en_01_synthesis_reference.wav,5.36,24000,1,2,128640,9d3796d2b057e13325c9dbfdd56c065e75c269cb67e187eefe2af713c2452083
joint_en_01,joint,en,edict,joint_en_01_edict.wav,7.04,24000,1,2,168960,fe534f203f1a1ccc808c092f33ebbd08d04a7ddeb7a45e1405596512d1ffb3d9
joint_en_02,joint,en,source_reference,joint_en_02_source_reference.wav,6.16,24000,1,2,147840,5977479f415bb71da525ac53b5debc72b7d1b4fa4a3875ac1911fe77ecab0cdc
joint_en_02,joint,en,synthesis_reference,joint_en_02_synthesis_reference.wav,4.72,24000,1,2,113280,637728db597249516dd7762cff45888e66cd9bead85ba9d0ac14b98fb25a54e5
joint_en_02,joint,en,edict,joint_en_02_edict.wav,9.76,24000,1,2,234240,2abe805fa8497cb1e902ffbac0730edb44690b8df844a5cb1a9a1ed0a334fa50
joint_en_03,joint,en,source_reference,joint_en_03_source_reference.wav,4.72,24000,1,2,113280,6648be75f0fe9e65f7158ec9cc507deb5f75f3e14c3b814454aa7e76be99e529
joint_en_03,joint,en,synthesis_reference,joint_en_03_synthesis_reference.wav,3.76,24000,1,2,90240,ce32a91105246cb8f2d75a8b65597880818ca61b6977a01eb7ea1d06c3122e1b
joint_en_03,joint,en,edict,joint_en_03_edict.wav,17.36,24000,1,2,416640,a10a66b2a8df872129c0b5cebb19fbe419e08782e665e31197a1708424384e12
joint_zh_01,joint,zh,source_reference,joint_zh_01_source_reference.wav,5.68,24000,1,2,136320,2cc12272d2f4cc9f7ebc12120a53d9592a318f3d619d260cce5c88ecdb4138f9
joint_zh_01,joint,zh,synthesis_reference,joint_zh_01_synthesis_reference.wav,2.8,24000,1,2,67200,4308f60050fb91849cc39ea76a5ab67d144f2a1ec5f8961716040f6d529b57e8
joint_zh_01,joint,zh,edict,joint_zh_01_edict.wav,9.6,24000,1,2,230400,a104f9af453f86f15756a2c983f18d025ba037b501a019b942c325ba0a056aa0
joint_zh_02,joint,zh,source_reference,joint_zh_02_source_reference.wav,7.12,24000,1,2,170880,182c2e7bb1140ecc00e19747f0fdd4db4d4a0696f3325f6adf2bc49821f9287d
joint_zh_02,joint,zh,synthesis_reference,joint_zh_02_synthesis_reference.wav,7.84,24000,1,2,188160,9b1287f1b1fed130d6d82acdc5f771778b6d36d1efa07f91770a159e57c0b23b
joint_zh_02,joint,zh,edict,joint_zh_02_edict.wav,7.52,24000,1,2,180480,de231e332461bd70020c2513146cea8aa2ae339e0236fa6dd74ec683fcf2864a
joint_zh_03,joint,zh,source_reference,joint_zh_03_source_reference.wav,7.92,24000,1,2,190080,6e1eb67e975f7df0233092985f602b5452a1e8a9ded96570df50807d6926940c
joint_zh_03,joint,zh,synthesis_reference,joint_zh_03_synthesis_reference.wav,1.26,24000,1,2,30240,d5c87cd70f3d1fb7f33b6923438708b30f564aceed339e181fa8e547db8fe4c6
joint_zh_03,joint,zh,edict,joint_zh_03_edict.wav,11.52,24000,1,2,276480,3d8ce7ac3c1d49944d75ee4648b5fae6c40934002333490cb5deb9f1199a2f6b
